{
  "type": "minecraft:crafting_shaped",
  "category": "equipment",
  "pattern": [
    "sls",
    "lgl",
    "lll"
  ],
  "key": {
    "s": {
      "item": "minecraft:string"
    },
    "l": {
      "item": "minecraft:leather"
    },
    "g": {
      "item": "minecraft:short_grass"
    }
  },
  "result": {
    "id": "minecraft:warped_fungus_on_a_stick",
    "count": 1,
    "components": {
      "minecraft:custom_name": "[\"\",{\"translate\":\"jbt:grass\",\"fallback\":\"Grass Starter\",\"italic\":false}]",
      "minecraft:custom_model_data": 102209,
      "minecraft:max_damage": 10,
      "minecraft:custom_data": {"jbt_grass":true}
    }
  }
}