{
  "type": "minecraft:crafting_shaped",
  "category": "equipment",
  "pattern": [
    "ggg",
    "ili",
    "l l"
  ],
  "key": {
    "g": {
      "item": "minecraft:gold_ingot"
    },
    "i": {
      "item": "minecraft:iron_ingot"
    },
    "l": {
      "item": "minecraft:leather"
    }
  },
  "result": {
    "id": "minecraft:carved_pumpkin",
    "count": 1,
    "components": {
      "minecraft:max_stack_size": 1,
      "minecraft:custom_name": "[\"\",{\"translate\":\"jbt:hardhat\",\"fallback\":\"Hardhat\",\"italic\":false}]",
      "minecraft:custom_model_data": 102205,
      "minecraft:attribute_modifiers": {
        "modifiers": [
          {
            "type": "minecraft:player.block_interaction_range",
            "id": "jbt_hardhat_reach",
            "amount": 2,
            "operation": "add_value",
            "slot": "head"
          }
        ],
        "show_in_tooltip": true
      }
    }
  }
}