{
  "type": "minecraft:crafting_shaped",
  "category": "equipment",
  "pattern": [
    "i  ",
    "s  "
  ],
  "key": {
    "s": {
      "item": "minecraft:stick"
    },
    "i": {
      "item": "minecraft:iron_ingot"
    }
  },
  "result": {
    "id": "minecraft:warped_fungus_on_a_stick",
    "count": 1,
    "components": {
      "minecraft:custom_name": "[\"\",{\"translate\":\"jbt:iron_chisel\",\"fallback\":\"Iron Chisel\",\"italic\":false}]",
      "minecraft:custom_model_data": 102202,
      "minecraft:max_damage": 350,
      "minecraft:custom_data": {"jbt_chisel":true,"jbt_chisel_iron":true}
    }
  }
}