{
  "type": "minecraft:crafting_shaped",
  "category": "equipment",
  "pattern": [
    "r b",
    "i i",
    "ini"
  ],
  "key": {
    "r": {
      "item": "minecraft:red_dye"
    },
    "b": {
      "item": "minecraft:blue_dye"
    },
    "i": {
      "item": "minecraft:iron_ingot"
    },
    "n": {
      "item": "minecraft:netherite_ingot"
    }
  },
  "result": {
    "id": "minecraft:rabbit_foot",
    "count": 1,
    "components": {
      "minecraft:max_stack_size": 1,
      "minecraft:custom_name": "[\"\",{\"translate\":\"jbt:magnet\",\"fallback\":\"Item Magnet\",\"italic\":false}]",
      "minecraft:custom_model_data": 1022095,
      "minecraft:custom_data": {"jbt_magnet":true}
    }
  }
}