{
  "type": "minecraft:crafting_shaped",
  "category": "equipment",
  "pattern": [
    "sls",
    "lgl",
    "lll"
  ],
  "key": {
    "s": {
      "item": "minecraft:string"
    },
    "l": {
      "item": "minecraft:rabbit_hide"
    },
    "g": {
      "item": "minecraft:shulker_shell"
    }
  },
  "result": {
    "id": "minecraft:warped_fungus_on_a_stick",
    "count": 1,
    "components": {
      "minecraft:custom_name": "[\"\",{\"translate\":\"jbt:bag\",\"fallback\":\"Mob Bag\",\"italic\":false}]",
      "minecraft:custom_model_data": 102207,
      "minecraft:custom_data": {"jbt_bag":true}
    }
  }
}