{
  "type": "minecraft:crafting_shaped",
  "category": "equipment",
  "pattern": [
    "l  ",
    "s  ",
    "l  "
  ],
  "key": {
    "s": {
      "item": "minecraft:string"
    },
    "l": {
      "item": "minecraft:ladder"
    }
  },
  "result": {
    "id": "minecraft:ladder",
    "count": 2,
    "components": {
      "minecraft:custom_name": "[\"\",{\"translate\":\"jbt:ladder\",\"fallback\":\"Rope Ladder\",\"italic\":false}]",
      "minecraft:custom_model_data": 1022099,
      "minecraft:custom_data": {"jbt_ladder":true}
    }
  }
}