{
  "type": "minecraft:crafting_shaped",
  "category": "equipment",
  "pattern": [
    " ii",
    "pig"
  ],
  "key": {
    "p": {
      "item": "minecraft:light_weighted_pressure_plate"
    },
    "g": {
      "item": "minecraft:gold_ingot"
    },
    "i": {
      "item": "minecraft:iron_ingot"
    }
  },
  "result": {
    "id": "minecraft:warped_fungus_on_a_stick",
    "count": 1,
    "components": {
      "minecraft:custom_name": "[\"\",{\"translate\":\"jbt:tape\",\"fallback\":\"Tape Measure\",\"italic\":false}]",
      "minecraft:custom_model_data": 1022095,
      "minecraft:custom_data": {"jbt_tape":true,"jbt_tape_open":false}
    }
  }
}