{
  "type": "minecraft:crafting_shaped",
  "category": "equipment",
  "pattern": [
    " e ",
    "sls",
    " s "
  ],
  "key": {
    "e": {
      "item": "minecraft:ender_eye"
    },
    "l": {
      "item": "minecraft:leather"
    },
    "s": {
      "item": "minecraft:bone"
    }
  },
  "result": {
    "id": "minecraft:bundle",
    "count": 1,
    "components": {
      "minecraft:custom_name": "[\"\",{\"translate\":\"jbt:bundle\",\"fallback\":\"Void Bundle\",\"italic\":false}]",
      "minecraft:custom_model_data": 1022095,
      "minecraft:custom_data": {"jbt_bundle":true}
    }
  }
}