{
  "type": "minecraft:crafting_shaped",
  "category": "equipment",
  "pattern": [
    "i i",
    " i ",
    " i "
  ],
  "key": {
    "i": {
      "item": "minecraft:iron_ingot"
    }
  },
  "result": {
    "id": "minecraft:warped_fungus_on_a_stick",
    "count": 1,
    "components": {
      "minecraft:custom_name": "[\"\",{\"translate\":\"jbt:wrench\",\"fallback\":\"Block Wrench\",\"italic\":false}]",
      "minecraft:custom_model_data": 1022097,
      "minecraft:max_damage": 5000,
      "minecraft:custom_data": {"jbt_wrench":true}
    }
  }
}