{
  "display": {
    "icon": {
      "id": "minecraft:iron_pickaxe",
      "components": {
        "minecraft:custom_model_data": 102211
      }
    },
    "title": {
      "translate": "jbt:adv_hammer_title",
      "fallback": "This Is Not a Drill"
    },
    "description": {
      "translate": "jbt:adv_hammer_desc",
      "fallback": "Craft a Hammer"
    },
    "show_toast": true,
    "announce_to_chat": true,
    "hidden": false
  },
  "parent": "jbt:visible/root",
  "criteria": {
    "": {
      "trigger": "minecraft:recipe_crafted",
      "conditions": {
        "recipe_id": "jbt:hammer"
      }
    }
  }
}