{
  "display": {
    "icon": {
      "id": "minecraft:bundle",
      "components": {
        "minecraft:custom_model_data": 1022095
      }
    },
    "title": {
      "translate": "jbt:adv_void_bundle_title",
      "fallback": "Null and Void"
    },
    "description": {
      "translate": "jbt:adv_void_bundle_desc",
      "fallback": "Craft a Void Bundle"
    },
    "show_toast": true,
    "announce_to_chat": true,
    "hidden": false
  },
  "parent": "jbt:visible/root",
  "criteria": {
    "": {
      "trigger": "minecraft:recipe_crafted",
      "conditions": {
        "recipe_id": "jbt:void_bundle"
      }
    }
  }
}